Description,Rating,Reviews,Price,Link
"Redmi 10A (Slate Grey, 4GB RAM, 64GB Storage)",3.9,5245,0,https://www.amazon.in/Redmi-Storage-Battery-Finger-Booster/dp/B09XB7SRQ5/ref=zg_bs_1805560031_sccl_1/261-7233404-3388849?pd_rd_i=B09XB7SRQ5&psc=1
"Samsung Galaxy M13 (Aqua Green, 4GB, 64GB Storage)",4.0,4015,9499,https://www.amazon.in/Samsung-Galaxy-Storage-6000mAh-Battery/dp/B0B4F2TTTS/ref=zg_bs_1805560031_sccl_2/261-7233404-3388849?pd_rd_i=B0B4F2TTTS&psc=1
"Redmi A1 (Black, 2GB RAM, 32GB Storage)",3.7,68,6299,https://www.amazon.in/Redmi-Storage-Battery-Leather-Texture/dp/B0BBN56J5H/ref=zg_bs_1805560031_sccl_3/261-7233404-3388849?pd_rd_i=B0BBN56J5H&psc=1
"Redmi 10A (Sea Blue, 4GB RAM, 64GB Storage)",3.9,5245,0,https://www.amazon.in/Redmi-Storage-Battery-Finger-Booster/dp/B09XB7DPW1/ref=zg_bs_1805560031_sccl_4/261-7233404-3388849?pd_rd_i=B09XB7DPW1&psc=1
"Redmi Note 11 (Horizon Blue, 4GB RAM, 64GB Storage)",4.1,39415,12099,https://www.amazon.in/Redmi-Horizon-Qualcomm%C2%AE-SnapdragonTM-Included/dp/B09QSBXK96/ref=zg_bs_1805560031_sccl_5/261-7233404-3388849?pd_rd_i=B09QSBXK96&psc=1
"OnePlus Nord CE 2 Lite 5G (Black Dusk, 6GB RAM, 128GB Storage)",4.2,32115,18999,https://www.amazon.in/OnePlus-Nord-Black-128GB-Storage/dp/B09WQY65HN/ref=zg_bs_1805560031_sccl_6/261-7233404-3388849?pd_rd_i=B09WQY65HN&psc=1
"Redmi 9 Activ (Coral Green, 4GB RAM, 64GB Storage)",4.2,180679,8099,https://www.amazon.in/Redmi-Activ-Coral-Green-Storage/dp/B09GFLFMPS/ref=zg_bs_1805560031_sccl_7/261-7233404-3388849?pd_rd_i=B09GFLFMPS&psc=1
"Samsung Galaxy M13 (Midnight Blue, 4GB, 64GB Storage)",4.0,4015,9499,https://www.amazon.in/Samsung-Midnight-Storage-6000mAh-Battery/dp/B0B4F52B5X/ref=zg_bs_1805560031_sccl_8/261-7233404-3388849?pd_rd_i=B0B4F52B5X&psc=1
"Redmi 9A Sport (Coral Green, 2GB RAM, 32GB Storage)",4.2,191766,6999,https://www.amazon.in/Redmi-9A-Sport-Octa-core-Processor/dp/B09GFLXVH9/ref=zg_bs_1805560031_sccl_9/261-7233404-3388849?pd_rd_i=B09GFLXVH9&psc=1
"Samsung Galaxy M33 5G (Mystique Green, 6GB, 128GB Storage)",4.0,13157,0,https://www.amazon.in/Samsung-Mystique-Storage-Purchased-Separately/dp/B09TWGDY4W/ref=zg_bs_1805560031_sccl_10/261-7233404-3388849?pd_rd_i=B09TWGDY4W&psc=1
Redmi 10 Prime (Astral White 4GB RAM 64GB ROM,4.1,54708,10999,https://www.amazon.in/Redmi-10-Prime-extendable-Adaptive/dp/B09CTY7TGF/ref=zg_bs_1805560031_sccl_11/261-7233404-3388849?pd_rd_i=B09CTY7TGF&psc=1
"Redmi 10A (Charcoal Black, 4GB RAM, 64GB Storage)",3.9,5245,8599,https://www.amazon.in/Redmi-Charcoal-Storage-Battery-Booster/dp/B09XB8GFBQ/ref=zg_bs_1805560031_sccl_12/261-7233404-3388849?pd_rd_i=B09XB8GFBQ&psc=1
"Redmi 9A Sport (Carbon Black, 2GB RAM, 32GB Storage)",4.2,191766,6999,https://www.amazon.in/Redmi-9A-Sport-Octa-core-Processor/dp/B09GFM8CGS/ref=zg_bs_1805560031_sccl_13/261-7233404-3388849?pd_rd_i=B09GFM8CGS&psc=1
"realme narzo 50A (Oxygen Green , 4GB RAM + 64 GB Storage) Helio G85 Processor",4.2,38132,8499,https://www.amazon.in/realme-Oxygen-Storage-Processor-Battery/dp/B09FKCGP9T/ref=zg_bs_1805560031_sccl_14/261-7233404-3388849?pd_rd_i=B09FKCGP9T&psc=1
"Redmi Note 11T 5G (Matte Black, 6GB RAM, 128GB ROM)",4.1,22421,15499,https://www.amazon.in/Redmi-Note-11T-5G-Dimensity/dp/B09LHYZ3GJ/ref=zg_bs_1805560031_sccl_15/261-7233404-3388849?pd_rd_i=B09LHYZ3GJ&psc=1
"Redmi 9A Sport (Metallic Blue, 2GB RAM, 32GB Storage)",4.2,191766,6999,https://www.amazon.in/Redmi-9A-Sport-Octa-core-Processor/dp/B09GFQQFRF/ref=zg_bs_1805560031_sccl_16/261-7233404-3388849?pd_rd_i=B09GFQQFRF&psc=1
"OnePlus Nord CE 2 Lite 5G (Blue Tide, 6GB RAM, 128GB Storage)",4.2,32115,18999,https://www.amazon.in/OnePlus-Nord-Lite-128GB-Storage/dp/B09WQYFLRX/ref=zg_bs_1805560031_sccl_17/261-7233404-3388849?pd_rd_i=B09WQYFLRX&psc=1
"Xiaomi Redmi 10 Prime 2022 (Phantom Black, 4GB RAM, 64GB Storage)",4.1,54708,9999,https://www.amazon.in/Xiaomi-Redmi-Prime-Phantom-Storage/dp/B09Y5W2WHH/ref=zg_bs_1805560031_sccl_18/261-7233404-3388849?pd_rd_i=B09Y5W2WHH&psc=1
"OnePlus Nord CE 2 5G (Gray Mirror, 8GB RAM, 128GB Storage)",4.3,49003,24998,https://www.amazon.in/OnePlus-Nord-Mirror-128GB-Storage/dp/B09RG132Q5/ref=zg_bs_1805560031_sccl_19/261-7233404-3388849?pd_rd_i=B09RG132Q5&psc=1
"Samsung Galaxy M13 (Aqua Green, 6GB, 128GB Storage)",4.0,4015,11499,https://www.amazon.in/Samsung-Galaxy-Storage-6000mAh-Battery/dp/B0B4F2XCK3/ref=zg_bs_1805560031_sccl_20/261-7233404-3388849?pd_rd_i=B0B4F2XCK3&psc=1
"Redmi 9 Activ (Metallic Purple, 4GB RAM, 64GB Storage)",4.2,180679,8099,https://www.amazon.in/Redmi-Activ-Metallic-Purple-Storage/dp/B09GFNZT24/ref=zg_bs_1805560031_sccl_21/261-7233404-3388849?pd_rd_i=B09GFNZT24&psc=1
realme narzo 50i Prime (Mint Green 4GB RAM+64GB Storage) Octa-core Processor,3.3,13,7777,https://www.amazon.in/realme-Storage-Octa-core-Processor-Battery/dp/B0BBM78DMV/ref=zg_bs_1805560031_sccl_22/261-7233404-3388849?pd_rd_i=B0BBM78DMV&psc=1
"Redmi 9 Activ (Carbon Black, 4GB RAM, 64GB Storage)",4.2,180679,8099,https://www.amazon.in/Redmi-Activ-Carbon-Black-Storage/dp/B09GFPVD9Y/ref=zg_bs_1805560031_sccl_23/261-7233404-3388849?pd_rd_i=B09GFPVD9Y&psc=1
"iQOO Z6 Lite 5G (Stellar Green, 6GB RAM, 128GB Storage)",4.2,10449,15499,https://www.amazon.in/iQOO-Snapdragon-Segment-Purchased-Separately/dp/B07WJV6P1R/ref=zg_bs_1805560031_sccl_24/261-7233404-3388849?pd_rd_i=B07WJV6P1R&psc=1
"realme narzo 50A Prime (Flash Blue, 4GB RAM+128GB Storage) FHD+ Display",4.0,1730,9499,https://www.amazon.in/realme-Storage-Display-Charger-Variant/dp/B09WYVZ8LF/ref=zg_bs_1805560031_sccl_25/261-7233404-3388849?pd_rd_i=B09WYVZ8LF&psc=1
"OnePlus Nord CE 2 5G (Bahamas Blue, 8GB RAM, 128GB Storage)",4.3,49003,24999,https://www.amazon.in/OnePlus-Nord-Bahamas-128GB-Storage/dp/B09RG5R5FG/ref=zg_bs_1805560031_sccl_26/261-7233404-3388849?pd_rd_i=B09RG5R5FG&psc=1
"OnePlus Nord 2T 5G (Jade Fog, 8GB RAM, 128GB Storage)",4.3,8412,28999,https://www.amazon.in/OnePlus-Nord-Jade-128GB-Storage/dp/B0B3CPQ5PF/ref=zg_bs_1805560031_sccl_27/261-7233404-3388849?pd_rd_i=B0B3CPQ5PF&psc=1
"OnePlus 10R 5G (Prime Blue, 8GB RAM, 128GB Storage, 80W SuperVOOC)",4.4,8,32999,https://www.amazon.in/OnePlus-10R-5G-Storage-SuperVOOC/dp/B0BCP3X81V/ref=zg_bs_1805560031_sccl_28/261-7233404-3388849?pd_rd_i=B0BCP3X81V&psc=1
"Redmi Note 11 (Space Black, 4GB RAM, 64GB Storage)",4.1,39415,12099,https://www.amazon.in/Redmi-Storage-Qualcomm%C2%AE-SnapdragonTM-Included/dp/B09QS8V5N8/ref=zg_bs_1805560031_sccl_29/261-7233404-3388849?pd_rd_i=B09QS8V5N8&psc=1
"Samsung Galaxy M13 (Stardust Brown, 4GB, 64GB Storage)",4.0,4015,9499,https://www.amazon.in/Samsung-Stardust-Storage-6000mAh-Battery/dp/B0B4F2K7N1/ref=zg_bs_1805560031_sccl_30/261-7233404-3388849?pd_rd_i=B0B4F2K7N1&psc=1
Apple iPhone 12 (128GB) - Blue,4.6,19584,54490,https://www.amazon.in/New-Apple-iPhone-12-128GB/dp/B08L5TNJHG/ref=zg_bs_1805560031_sccl_1/259-8142126-1755468?pd_rd_i=B08L5TNJHG&psc=1
"iQOO Z6 44W (Lumina Blue, 4GB RAM, 128GB Storage)",4.2,10449,13999,https://www.amazon.in/iQOO-Lumina-Blue-128GB-Storage/dp/B07WDKLRM4/ref=zg_bs_1805560031_sccl_2/259-8142126-1755468?pd_rd_i=B07WDKLRM4&psc=1
"OPPO A15s (Dynamic Black, 4GB, 128GB Storage) AI Triple Camera",4.3,8364,0,https://www.amazon.in/Oppo-Dynamic-Additional-Exchange-CPH2179/dp/B08LRCMWKD/ref=zg_bs_1805560031_sccl_3/259-8142126-1755468?pd_rd_i=B08LRCMWKD&psc=1
"Tecno Spark 9 (Sky Mirror, 4GB RAM, 64GB Storage)",3.8,1029,7769,https://www.amazon.in/Tecno-Spark-Storage-Expandable-Processor/dp/B0B56YRDDT/ref=zg_bs_1805560031_sccl_4/259-8142126-1755468?pd_rd_i=B0B56YRDDT&psc=1
"OnePlus Nord 2T 5G (Gray Shadow, 12GB Storage, 256GB Storage)",4.3,8412,33999,https://www.amazon.in/OnePlus-Nord-Shadow-Storage-256GB/dp/B0B3CZ7P4V/ref=zg_bs_1805560031_sccl_5/259-8142126-1755468?pd_rd_i=B0B3CZ7P4V&psc=1
"Oppo A54 (Starry Blue, 4GB RAM, 64GB Storage) with No Cost EMI & Additional Exchange Offers",4.2,6877,10990,https://www.amazon.in/Oppo-Starry-Storage-Additional-Exchange/dp/B08ZJVY652/ref=zg_bs_1805560031_sccl_6/259-8142126-1755468?pd_rd_i=B08ZJVY652&psc=1
"iQOO Z6 Lite 5G (Mystic Night, 6GB RAM, 128GB Storage)",4.2,10449,15499,https://www.amazon.in/iQOO-Snapdragon-Segment-Purchased-Separately/dp/B07WDK3ZS6/ref=zg_bs_1805560031_sccl_7/259-8142126-1755468?pd_rd_i=B07WDK3ZS6&psc=1
"iQOO Z6 44W (Lumina Blue, 6GB RAM, 128GB Storage)",4.2,10449,15499,https://www.amazon.in/iQOO-Lumina-Blue-128GB-Storage/dp/B07WHQWXL7/ref=zg_bs_1805560031_sccl_8/259-8142126-1755468?pd_rd_i=B07WHQWXL7&psc=1
"Redmi Note 11 Pro + 5G (Phantom White, 6GB RAM, 128GB Storage)",3.8,18574,19999,https://www.amazon.in/Redmi-Phantom-Additional-Exchange-Included/dp/B09T2VXJRH/ref=zg_bs_1805560031_sccl_9/259-8142126-1755468?pd_rd_i=B09T2VXJRH&psc=1
"Samsung Galaxy M32 Prime Edition (Light Blue, 4GB RAM, 64GB)",4.1,49746,11499,https://www.amazon.in/Samsung-Galaxy-Prime-Light-Blue/dp/B0BD3T6Z1D/ref=zg_bs_1805560031_sccl_10/259-8142126-1755468?pd_rd_i=B0BD3T6Z1D&psc=1
"Redmi Note 11 (Starburst White, 4GB RAM, 64GB Storage)",4.1,39415,0,https://www.amazon.in/Redmi-Starburst-Qualcomm%C2%AE-SnapdragonTM-Included/dp/B09QS9HQPW/ref=zg_bs_1805560031_sccl_11/259-8142126-1755468?pd_rd_i=B09QS9HQPW&psc=1
"realme narzo 50A Prime (Flash Blue, 4GB RAM+64GB Storage) FHD+ Display",4.1,1559,11499,https://www.amazon.in/realme-Storage-Display-Charger-Variant/dp/B09WYW1WWL/ref=zg_bs_1805560031_sccl_12/259-8142126-1755468?pd_rd_i=B09WYW1WWL&psc=1
"OPPO A15s (Rainbow Silver, 4GB RAM, 64GB Storage) With No Cost EMI/Additional Exchange Offers",4.3,8364,9990,https://www.amazon.in/Test-TST_Exclusive1003-Exclusive-1003/dp/B0844592FT/ref=zg_bs_1805560031_sccl_13/259-8142126-1755468?pd_rd_i=B0844592FT&psc=1
"realme narzo 50 (Speed Black, 4GB RAM+64GB Storage) Helio G96 Processor",4.3,8722,9999,https://www.amazon.in/realme-Storage-Processor-Triple-Display/dp/B09RMG1M98/ref=zg_bs_1805560031_sccl_14/259-8142126-1755468?pd_rd_i=B09RMG1M98&psc=1
realme narzo 50i Prime (Dark Blue 3 GB RAM +32 GB Storage) Octa-core Processor,3.3,13,7166,https://www.amazon.in/realme-Storage-Octa-core-Processor-Battery/dp/B0BBMGZ5T4/ref=zg_bs_1805560031_sccl_15/259-8142126-1755468?pd_rd_i=B0BBMGZ5T4&psc=1
Apple iPhone 12 (128GB) - Black,4.6,19584,54490,https://www.amazon.in/New-Apple-iPhone-12-128GB/dp/B08L5WD9D6/ref=zg_bs_1805560031_sccl_16/259-8142126-1755468?pd_rd_i=B08L5WD9D6&psc=1
Redmi 10 Prime (Phantom Black 4GB RAM 64GB,4.1,54708,10999,https://www.amazon.in/Redmi-10-Prime-extendable-Adaptive/dp/B09CTYGJSD/ref=zg_bs_1805560031_sccl_17/259-8142126-1755468?pd_rd_i=B09CTYGJSD&psc=1
"Samsung Galaxy M53 5G (Mystique Green, 6GB, 128GB Storage)",3.9,4508,21999,https://www.amazon.in/Samsung-Mystique-Storage-Purchased-Separately/dp/B09XJ48QPR/ref=zg_bs_1805560031_sccl_18/259-8142126-1755468?pd_rd_i=B09XJ48QPR&psc=1
"realme narzo 50i (Mint Green, 2GB RAM+32GB Storage) - 6.5"" inch Large Display",4.0,24715,0,https://www.amazon.in/realme-narzo-Mint-Green-Storage/dp/B09FKDH6FS/ref=zg_bs_1805560031_sccl_19/259-8142126-1755468?pd_rd_i=B09FKDH6FS&psc=1
"realme narzo 50i (Carbon Black, 4GB RAM+64GB Storage) - 6.5"" inch Large Display",4.0,24715,8499,https://www.amazon.in/realme-narzo-Carbon-Black-Storage/dp/B09FKB3446/ref=zg_bs_1805560031_sccl_20/259-8142126-1755468?pd_rd_i=B09FKB3446&psc=1
realme Narzo 50 Pro 5G (Hyper Blue 6GB RAM+128GB Storage) Dimensity 920 5G Processor,4.2,404,17999,https://www.amazon.in/realme-Storage-Dimensity-Processor-Camera/dp/B09ZBFD6TJ/ref=zg_bs_1805560031_sccl_21/259-8142126-1755468?pd_rd_i=B09ZBFD6TJ&psc=1
"Samsung Galaxy M53 5G (Deep Ocean Blue, 6GB, 128GB Storage)",3.9,4508,21999,https://www.amazon.in/Samsung-Storage-sAmoled-Purchased-Separately/dp/B09XJ5LD6L/ref=zg_bs_1805560031_sccl_22/259-8142126-1755468?pd_rd_i=B09XJ5LD6L&psc=1
"Samsung Galaxy M33 5G (Emerald Brown, 6GB, 128GB Storage)",4.0,13157,0,https://www.amazon.in/Samsung-Emerald-Storage-Purchased-Separately/dp/B0B14MR9L1/ref=zg_bs_1805560031_sccl_23/259-8142126-1755468?pd_rd_i=B0B14MR9L1&psc=1
"OnePlus 10R 5G (Forest Green, 12GB RAM, 256GB Storage, 80W SuperVOOC)",4.3,1147,36999,https://www.amazon.in/OnePlus-Forest-Green-Storage-SuperVOOC/dp/B09WRKHWP7/ref=zg_bs_1805560031_sccl_24/259-8142126-1755468?pd_rd_i=B09WRKHWP7&psc=1
"iQOO Z6 Pro 5G (Phantom Dusk, 8GB RAM, 128GB Storage)",4.3,5884,21999,https://www.amazon.in/iQOO-Phantom-Snapdragon-FlashCharge-Brightness/dp/B07WHSJXLF/ref=zg_bs_1805560031_sccl_25/259-8142126-1755468?pd_rd_i=B07WHSJXLF&psc=1
realme narzo 50i Prime (Mint Green 3GB RAM+32GB Storage) Octa-core Processor,3.3,13,7166,https://www.amazon.in/realme-Storage-Octa-core-Processor-Battery/dp/B0BBMBL64D/ref=zg_bs_1805560031_sccl_26/259-8142126-1755468?pd_rd_i=B0BBMBL64D&psc=1
"iQOO Z6 Lite 5G (Stellar Green, 4GB RAM, 64GB Storage)",4.2,10449,13999,https://www.amazon.in/iQOO-Snapdragon-Segment-Purchased-Separately/dp/B07WHSCG2C/ref=zg_bs_1805560031_sccl_27/259-8142126-1755468?pd_rd_i=B07WHSCG2C&psc=1
"OnePlus Nord 2T 5G (Jade Fog, 12GB RAM, 256GB Storage)",4.3,8412,33998,https://www.amazon.in/OnePlus-Nord-Jade-256GB-Storage/dp/B0B3D39RKV/ref=zg_bs_1805560031_sccl_28/259-8142126-1755468?pd_rd_i=B0B3D39RKV&psc=1
Apple iPhone 12 (64GB) - Black,4.6,19584,47999,https://www.amazon.in/New-Apple-iPhone-12-64GB/dp/B08L5T3S7T/ref=zg_bs_1805560031_sccl_29/259-8142126-1755468?pd_rd_i=B08L5T3S7T&psc=1
realme Narzo 50 Pro 5G (Hyper Black 6GB RAM+128GB Storage) Dimensity 920 5G Processor,4.2,404,17999,https://www.amazon.in/realme-Storage-Dimensity-Processor-Camera/dp/B09ZBG7J7F/ref=zg_bs_1805560031_sccl_30/259-8142126-1755468?pd_rd_i=B09ZBG7J7F&psc=1
"iQOO Z6 44W (Raven Black, 6GB RAM, 128GB Storage)",4.2,10449,15499,https://www.amazon.in/iQOO-Raven-Black-128GB-Storage/dp/B07WGPKMP5/ref=zg_bs_1805560031_sccl_1/262-4897812-5427319?pd_rd_i=B07WGPKMP5&psc=1
"Samsung Galaxy M53 5G (Deep Ocean Blue, 8GB, 128GB Storage)",3.9,4508,23999,https://www.amazon.in/Samsung-Storage-sAmoled-Purchased-Separately/dp/B09XJ3MBTL/ref=zg_bs_1805560031_sccl_2/262-4897812-5427319?pd_rd_i=B09XJ3MBTL&psc=1
Tecno Pop 5 LTE(Ice Blue 2G+32G),4.1,4778,5899,https://www.amazon.in/Tecno-5000mAh-Camera-Splash-Resistant/dp/B09PRDHRKV/ref=zg_bs_1805560031_sccl_3/262-4897812-5427319?pd_rd_i=B09PRDHRKV&psc=1
"Samsung Galaxy M53 5G (Mystique Green, 8GB, 128GB Storage)",3.9,4508,23999,https://www.amazon.in/Samsung-Mystique-Storage-Purchased-Separately/dp/B09XJ36Q27/ref=zg_bs_1805560031_sccl_4/262-4897812-5427319?pd_rd_i=B09XJ36Q27&psc=1
"Samsung Galaxy M32 (Light Blue, 4GB RAM, 64GB",4.1,49746,11499,https://www.amazon.in/Samsung-Galaxy-Storage-Months-Replacement/dp/B096VD213D/ref=zg_bs_1805560031_sccl_5/262-4897812-5427319?pd_rd_i=B096VD213D&psc=1
Tecno Pop 5 LTE(Turquoise Cyan 2GB+32GB),4.1,4778,5899,https://www.amazon.in/Tecno-Turquoise-5000mAh-Camera-Resistant/dp/B09PRFR3WR/ref=zg_bs_1805560031_sccl_6/262-4897812-5427319?pd_rd_i=B09PRFR3WR&psc=1
"OnePlus 10R 5G (Sierra Black, 12GB RAM, 256GB Storage, 80W SuperVOOC)",4.3,637,36999,https://www.amazon.in/OnePlus-Sierra-Black-Storage-SuperVOOC/dp/B09WRNPKRR/ref=zg_bs_1805560031_sccl_7/262-4897812-5427319?pd_rd_i=B09WRNPKRR&psc=1
"realme narzo 50 (Speed Blue, 6GB RAM+128GB Storage) Helio G96 Processor",4.3,8722,14499,https://www.amazon.in/realme-Storage-Processor-Triple-Display/dp/B09RN24CY6/ref=zg_bs_1805560031_sccl_8/262-4897812-5427319?pd_rd_i=B09RN24CY6&psc=1
"OnePlus 10R 5G (Sierra Black, 12GB RAM, 256GB Storage, 150W SuperVOOC)",4.2,803,37999,https://www.amazon.in/OnePlus-Sierra-Black-Storage-SuperVOOC/dp/B09WRMNDSV/ref=zg_bs_1805560031_sccl_9/262-4897812-5427319?pd_rd_i=B09WRMNDSV&psc=1
"realme narzo 50i (Mint Green, 4GB RAM+64GB Storage) - 6.5"" inch Large Display",4.0,24715,8499,https://www.amazon.in/realme-narzo-Mint-Green-Storage/dp/B09FKBQ3JM/ref=zg_bs_1805560031_sccl_10/262-4897812-5427319?pd_rd_i=B09FKBQ3JM&psc=1
"Samsung Galaxy M32 Prime Edition (Black, 6GB RAM, 128GB)",4.1,49746,13499,https://www.amazon.in/Samsung-Galaxy-Prime-Black-128GB/dp/B0BD4QR481/ref=zg_bs_1805560031_sccl_11/262-4897812-5427319?pd_rd_i=B0BD4QR481&psc=1
"OPPO A31 (Mystery Black, 6GB RAM, 128GB Storage) with No Cost EMI/Additional Exchange Offers",4.2,56559,11990,https://www.amazon.in/Oppo-Mystery-Storage-Additional-Exchange/dp/B08444S68L/ref=zg_bs_1805560031_sccl_12/262-4897812-5427319?pd_rd_i=B08444S68L&psc=1
"Redmi Note 11T 5G (Stardust White, 8GB RAM, 128GB ROM)",4.1,22421,16999,https://www.amazon.in/Redmi-Note-11T-5G-Dimensity/dp/B09LHX1YFX/ref=zg_bs_1805560031_sccl_13/262-4897812-5427319?pd_rd_i=B09LHX1YFX&psc=1
"OPPO A74 5G (Fluid Black, 6GB RAM, 128GB Storage) with No Cost EMI/Additional Exchange Offers",4.2,29281,14990,https://www.amazon.in/OPPO-Fluid-Black-128GB-Storage/dp/B08VB2CMR3/ref=zg_bs_1805560031_sccl_14/262-4897812-5427319?pd_rd_i=B08VB2CMR3&psc=1
"Redmi 10A Sport (Sea Blue, 6GB RAM, 128GB Storage)",3.6,134,9999,https://www.amazon.in/Redmi-Storage-Battery-Finger-Booster/dp/B0B6PT926Y/ref=zg_bs_1805560031_sccl_15/262-4897812-5427319?pd_rd_i=B0B6PT926Y&psc=1
Apple iPhone 12 (128GB) - Green,4.6,19584,54490,https://www.amazon.in/New-Apple-iPhone-12-128GB/dp/B08L5VJWCV/ref=zg_bs_1805560031_sccl_16/262-4897812-5427319?pd_rd_i=B08L5VJWCV&psc=1
Xiaomi 11 Lite NE 5G (Jazz Blue 8GB RAM 128 GB Storage),4.0,22283,25999,https://www.amazon.in/Xiaomi-Slimmest-Smartphone-Additional-Available/dp/B09G3B4JTY/ref=zg_bs_1805560031_sccl_17/262-4897812-5427319?pd_rd_i=B09G3B4JTY&psc=1
"Samsung Galaxy S22 5G (Green, 8GB, 128GB Storage) with No Cost EMI/Additional Exchange Offers",4.3,276,62999,https://www.amazon.in/Samsung-Galaxy-Storage-Additional-Exchange/dp/B09SH9D45B/ref=zg_bs_1805560031_sccl_18/262-4897812-5427319?pd_rd_i=B09SH9D45B&psc=1
"Samsung Galaxy M13 5G (Midnight Blue, 4GB, 64GB Storage)",4.0,4015,11999,https://www.amazon.in/Samsung-Midnight-Storage-5000mAh-Battery/dp/B0B4F1YC3J/ref=zg_bs_1805560031_sccl_19/262-4897812-5427319?pd_rd_i=B0B4F1YC3J&psc=1
"iQOO Z6 Pro 5G (Legion Sky, 8GB RAM, 128GB Storage)",4.3,5884,21999,https://www.amazon.in/iQOO-Storage-Snapdragon-FlashCharge-Brightness/dp/B07WDK3ZS2/ref=zg_bs_1805560031_sccl_20/262-4897812-5427319?pd_rd_i=B07WDK3ZS2&psc=1
"Samsung Galaxy M32 (Light Blue, 6GB RAM, 128GB",4.1,49746,13499,https://www.amazon.in/Samsung-Galaxy-Storage-Months-Replacement/dp/B096VDR283/ref=zg_bs_1805560031_sccl_21/262-4897812-5427319?pd_rd_i=B096VDR283&psc=1
Apple iPhone 12 (64GB) - Purple,4.6,19584,47999,https://www.amazon.in/New-Apple-iPhone-12-64GB/dp/B0932QYBH8/ref=zg_bs_1805560031_sccl_22/262-4897812-5427319?pd_rd_i=B0932QYBH8&psc=1
"Samsung Galaxy M32 (Black, 4GB RAM, 64GB",4.1,49746,11499,https://www.amazon.in/Samsung-Galaxy-Storage-Months-Replacement/dp/B096VDG9QV/ref=zg_bs_1805560031_sccl_23/262-4897812-5427319?pd_rd_i=B096VDG9QV&psc=1
"Tecno POP 6 Pro (Peaceful Blue,2GB RAM,32GB Storage)",0.0,0,6099,https://www.amazon.in/Tecno-Peaceful-Storage-Display-Sampling/dp/B0BD5CDRVC/ref=zg_bs_1805560031_sccl_24/262-4897812-5427319?pd_rd_i=B0BD5CDRVC&psc=1
Xiaomi 11 Lite NE 5G (Jazz Blue 6GB RAM 128 GB Storage),4.0,22283,23999,https://www.amazon.in/Xiaomi-Slimmest-Smartphone-Additional-Available/dp/B09G38DT4B/ref=zg_bs_1805560031_sccl_25/262-4897812-5427319?pd_rd_i=B09G38DT4B&psc=1
"Samsung Galaxy M13 5G (Midnight Blue, 6GB, 128GB Storage)",4.0,4015,13999,https://www.amazon.in/Samsung-Midnight-Storage-5000mAh-Battery/dp/B0B4F5L738/ref=zg_bs_1805560031_sccl_26/262-4897812-5427319?pd_rd_i=B0B4F5L738&psc=1
Apple iPhone 12 (128GB) - Purple,4.6,19584,0,https://www.amazon.in/New-Apple-iPhone-12-128GB/dp/B0932MD32V/ref=zg_bs_1805560031_sccl_27/262-4897812-5427319?pd_rd_i=B0932MD32V&psc=1
"Samsung Galaxy M33 5G (Mystique Green, 8GB, 128GB Storage)",4.0,13157,0,https://www.amazon.in/Samsung-Mystique-Storage-Purchased-Separately/dp/B09TWHTBKQ/ref=zg_bs_1805560031_sccl_28/262-4897812-5427319?pd_rd_i=B09TWHTBKQ&psc=1
"Redmi K50i 5G (Stealth Black, 6GB RAM, 128GB Storage)",4.0,3223,24999,https://www.amazon.in/Redmi-Flagship-Mediatek-Dimensity-Processor/dp/B0B4DZ14K7/ref=zg_bs_1805560031_sccl_29/262-4897812-5427319?pd_rd_i=B0B4DZ14K7&psc=1
"OnePlus 10 Pro 5G (Emerald Forest, 12GB RAM, 256GB Storage)",4.2,3714,66999,https://www.amazon.in/OnePlus-Emerald-Forest-256GB-Storage/dp/B09V2MLGRF/ref=zg_bs_1805560031_sccl_30/262-4897812-5427319?pd_rd_i=B09V2MLGRF&psc=1
"OnePlus 10 Pro 5G (Volcanic Black, 12GB RAM, 256GB Storage)",4.2,3714,66999,https://www.amazon.in/OnePlus-Volcanic-Black-256GB-Storage/dp/B09V2RSWBW/ref=zg_bs_1805560031_sccl_1/260-2134812-1664019?pd_rd_i=B09V2RSWBW&psc=1
"OnePlus 10T 5G (Jade Green, 12GB RAM, 256GB Storage)",4.3,1249,54999,https://www.amazon.in/OnePlus-Jade-Green-256GB-Storage/dp/B0B5V4WWRP/ref=zg_bs_1805560031_sccl_2/260-2134812-1664019?pd_rd_i=B0B5V4WWRP&psc=1
"Redmi K50i 5G (Phantom Blue, 8GB RAM, 256GB Storage)",4.0,3223,27999,https://www.amazon.in/Redmi-Flagship-Mediatek-Dimensity-Processor/dp/B0B4DTG52W/ref=zg_bs_1805560031_sccl_3/260-2134812-1664019?pd_rd_i=B0B4DTG52W&psc=1
Tecno Pop 5 LTE(Deepsea Luster 2G+32G),4.1,4778,5899,https://www.amazon.in/Tecno-Deepsea-Luster-5000mAh-Resistant/dp/B09PRDQN1C/ref=zg_bs_1805560031_sccl_4/260-2134812-1664019?pd_rd_i=B09PRDQN1C&psc=1
Xiaomi 12 Pro,4.1,1151,58999,https://www.amazon.in/Xiaomi-Couture-Storage-Snapdragon-Flagship/dp/B09XB9DCY4/ref=zg_bs_1805560031_sccl_5/260-2134812-1664019?pd_rd_i=B09XB9DCY4&psc=1
"Redmi Note 11 Pro + 5G (Mirage Blue, 8GB RAM, 256GB Storage)",3.8,18574,23999,https://www.amazon.in/Redmi-Storage-Additional-Exchange-Included/dp/B09T2XDXBN/ref=zg_bs_1805560031_sccl_6/260-2134812-1664019?pd_rd_i=B09T2XDXBN&psc=1
"iQOO 9 SE 5G (Sunset Sierra, 8GB RAM, 128GB Storage)",4.3,6765,29990,https://www.amazon.in/iQOO-Sunset-Storage-Qualcomm-Snapdragon/dp/B07WHS7MZ1/ref=zg_bs_1805560031_sccl_7/260-2134812-1664019?pd_rd_i=B07WHS7MZ1&psc=1
"Redmi Note 11 (Space Black, 6GB RAM, 128GB Storage)",4.1,39415,15499,https://www.amazon.in/Redmi-Storage-Qualcomm%C2%AE-SnapdragonTM-Included/dp/B09QSB9RMH/ref=zg_bs_1805560031_sccl_8/260-2134812-1664019?pd_rd_i=B09QSB9RMH&psc=1
Redmi 10 Prime (Phantom Black 6GB RAM 128GB ROM,4.1,54708,13499,https://www.amazon.in/Redmi-10-Prime-extendable-Adaptive/dp/B09CV13RWF/ref=zg_bs_1805560031_sccl_9/260-2134812-1664019?pd_rd_i=B09CV13RWF&psc=1
"Samsung Galaxy M33 5G (Emerald Brown, 8GB, 128GB Storage)",4.0,13157,0,https://www.amazon.in/Samsung-Emerald-Storage-Purchased-Separately/dp/B0B14C482C/ref=zg_bs_1805560031_sccl_10/260-2134812-1664019?pd_rd_i=B0B14C482C&psc=1
"Redmi 9 Activ (Coral Green, 6GB RAM, 128GB Storage)",4.2,180679,10499,https://www.amazon.in/Redmi-Activ-Coral-Green-Storage/dp/B09GFMFTHS/ref=zg_bs_1805560031_sccl_11/260-2134812-1664019?pd_rd_i=B09GFMFTHS&psc=1
Apple iPhone 12 (128GB) - (Product) RED,4.6,19584,54490,https://www.amazon.in/New-Apple-iPhone-12-128GB/dp/B08L5WJD1C/ref=zg_bs_1805560031_sccl_12/260-2134812-1664019?pd_rd_i=B08L5WJD1C&psc=1
"realme narzo 50 (Speed Black, 6GB RAM+128GB Storage) Helio G96 Processor",4.3,8722,14499,https://www.amazon.in/realme-Storage-Processor-Triple-Display/dp/B09RMN7HY3/ref=zg_bs_1805560031_sccl_13/260-2134812-1664019?pd_rd_i=B09RMN7HY3&psc=1
"Samsung Galaxy M13 (Stardust Brown, 6GB, 128GB Storage)",4.0,4015,0,https://www.amazon.in/Samsung-Stardust-Storage-6000mAh-Battery/dp/B0B4F2ZWL3/ref=zg_bs_1805560031_sccl_14/260-2134812-1664019?pd_rd_i=B0B4F2ZWL3&psc=1
"iQOO 9 SE 5G (Space Fusion, 8GB RAM, 128GB Storage)",4.3,6765,29990,https://www.amazon.in/iQOO-Fusion-Storage-Qualcomm-Snapdragon/dp/B07WHQRCZD/ref=zg_bs_1805560031_sccl_15/260-2134812-1664019?pd_rd_i=B07WHQRCZD&psc=1
"iQOO Z6 5G (Dynamo Black, 6GB RAM, 128GB Storage)",4.0,17080,16499,https://www.amazon.in/iQOO-Storage-Snapdragon-695-6nm-Processor/dp/B07WJWRNVK/ref=zg_bs_1805560031_sccl_16/260-2134812-1664019?pd_rd_i=B07WJWRNVK&psc=1
"Samsung Galaxy S22 5G (Phantom Black, 8GB, 128GB Storage) with No Cost EMI/Additional Exchange Offers",4.3,276,62999,https://www.amazon.in/Samsung-Phantom-Storage-Additional-Exchange/dp/B09SH8JPCJ/ref=zg_bs_1805560031_sccl_17/260-2134812-1664019?pd_rd_i=B09SH8JPCJ&psc=1
"OnePlus 10T 5G (Moonstone Black, 8GB RAM, 128GB Storage)",4.3,1249,49999,https://www.amazon.in/OnePlus-Moonstone-Black-128GB-Storage/dp/B0B5V47VK4/ref=zg_bs_1805560031_sccl_18/260-2134812-1664019?pd_rd_i=B0B5V47VK4&psc=1
"Samsung Galaxy S22 5G (Phantom White, 8GB, 128GB Storage) with No Cost EMI/Additional Exchange Offers",4.3,276,62999,https://www.amazon.in/Samsung-Phantom-Storage-Additional-Exchange/dp/B09SH8QD3G/ref=zg_bs_1805560031_sccl_19/260-2134812-1664019?pd_rd_i=B09SH8QD3G&psc=1
"Redmi K50i 5G (Quick Silver, 6GB RAM, 128GB Storage)",4.0,3223,24999,https://www.amazon.in/Redmi-Flagship-Mediatek-Dimensity-Processor/dp/B0B4DWPM27/ref=zg_bs_1805560031_sccl_20/260-2134812-1664019?pd_rd_i=B0B4DWPM27&psc=1
"iQOO Z6 Pro 5G (Legion Sky, 12GB RAM, 256GB Storage)",4.3,5884,25999,https://www.amazon.in/iQOO-Storage-Snapdragon-FlashCharge-Brightness/dp/B07WHQRPHJ/ref=zg_bs_1805560031_sccl_21/260-2134812-1664019?pd_rd_i=B07WHQRPHJ&psc=1
"Redmi Note 10 Pro Max (Dark Night, 6GB RAM, 128GB Storage) -108MP Quad Camera",4.1,44357,17999,https://www.amazon.in/Test-Exclusive_2020_1157-Multi-3GB-Storage/dp/B089MV3Q2G/ref=zg_bs_1805560031_sccl_22/260-2134812-1664019?pd_rd_i=B089MV3Q2G&psc=1
"Redmi 10A (Charcoal Black, 3GB RAM, 32GB Storage)",3.9,5245,8499,https://www.amazon.in/Redmi-Charcoal-Storage-Battery-Booster/dp/B09XB8GM9R/ref=zg_bs_1805560031_sccl_23/260-2134812-1664019?pd_rd_i=B09XB8GM9R&psc=1
"OnePlus Nord CE 2 Lite 5G (Black Dusk, 8GB RAM, 128GB Storage)",4.2,32115,20999,https://www.amazon.in/OnePlus-Nord-Black-128GB-Storage/dp/B09X585YNB/ref=zg_bs_1805560031_sccl_24/260-2134812-1664019?pd_rd_i=B09X585YNB&psc=1
"Redmi Note 11 Pro + 5G (Stealth Black, 8GB RAM, 256GB Storage)",3.8,18574,23999,https://www.amazon.in/Redmi-Stealth-Additional-Exchange-Included/dp/B09T2S8X9C/ref=zg_bs_1805560031_sccl_25/260-2134812-1664019?pd_rd_i=B09T2S8X9C&psc=1
"Redmi Note 11 (Horizon Blue, 6GB RAM, 128GB Storage)",4.1,39415,15499,https://www.amazon.in/Redmi-Horizon-Qualcomm%C2%AE-SnapdragonTM-Included/dp/B09QSBF2T7/ref=zg_bs_1805560031_sccl_26/260-2134812-1664019?pd_rd_i=B09QSBF2T7&psc=1
"Redmi Note 10 Pro Max (Glacial Blue, 6GB RAM, 128GB Storage) -108MP Quad Camera",4.1,44357,17999,https://www.amazon.in/Test-Exclusive_2020_1158-Multi-3GB-Storage/dp/B089MTVYZF/ref=zg_bs_1805560031_sccl_27/260-2134812-1664019?pd_rd_i=B089MTVYZF&psc=1
"Samsung Galaxy F23 5G (Forest Green, 6GB, 128GB Storage)",3.9,14,15490,https://www.amazon.in/Samsung-Storage-Adapter-Purchased-Separately/dp/B0B1F6TQ5Q/ref=zg_bs_1805560031_sccl_28/260-2134812-1664019?pd_rd_i=B0B1F6TQ5Q&psc=1
"iQOO Neo 6 5G (Maverick Orange, 12GB RAM, 256GB Storage)",4.4,14170,31999,https://www.amazon.in/iQOO-Maverick-Storage-Snapdragon%C2%AE-FlashCharge/dp/B07WHQVTRQ/ref=zg_bs_1805560031_sccl_29/260-2134812-1664019?pd_rd_i=B07WHQVTRQ&psc=1
"Redmi 9 Activ (Metallic Purple, 6GB RAM, 128GB Storage)",4.2,180679,10499,https://www.amazon.in/Redmi-Activ-Metallic-Purple-Storage/dp/B09GFMHKX2/ref=zg_bs_1805560031_sccl_30/260-2134812-1664019?pd_rd_i=B09GFMHKX2&psc=1
"OnePlus 10T 5G (Jade Green, 8GB RAM, 128GB Storage)",4.3,1249,49999,https://www.amazon.in/OnePlus-Jade-Green-128GB-Storage/dp/B0B5V2SHGL/ref=zg_bs_1805560031_sccl_1/260-5088538-5591155?pd_rd_i=B0B5V2SHGL&psc=1
"Tecno Camon 19 Pro Mondrian (8GB RAM,128GB Storage)",0.0,0,17999,https://www.amazon.in/Tecno-Mondrian-Storage-Industry-Display/dp/B0BCJQ2ZM2/ref=zg_bs_1805560031_sccl_2/260-5088538-5591155?pd_rd_i=B0BCJQ2ZM2&psc=1
"OnePlus 10 Pro 5G (Emerald Forest, 8GB RAM, 128GB Storage)",4.2,3714,61999,https://www.amazon.in/OnePlus-Emerald-Forest-128GB-Storage/dp/B09V2LX1R4/ref=zg_bs_1805560031_sccl_3/260-5088538-5591155?pd_rd_i=B09V2LX1R4&psc=1
"OnePlus Nord CE 2 5G (Bahamas Blue, 6GB RAM, 128GB Storage)",4.3,49003,0,https://www.amazon.in/OnePlus-Nord-Bahamas-128GB-Storage/dp/B09R42QNSS/ref=zg_bs_1805560031_sccl_4/260-5088538-5591155?pd_rd_i=B09R42QNSS&psc=1
"Xiaomi 11T Pro 5G Hyperphone (Celestial Magic, 8GB RAM, 256GB Storage)",4.1,4391,36999,https://www.amazon.in/Xiaomi-Hyperphone-HyperCharge-Replacement-Additional/dp/B09Q18BKN9/ref=zg_bs_1805560031_sccl_5/260-5088538-5591155?pd_rd_i=B09Q18BKN9&psc=1
Xiaomi 12 Pro,4.1,1151,58999,https://www.amazon.in/Xiaomi-Storage-Snapdragon-Flagship-Cameras/dp/B09XBCCQJT/ref=zg_bs_1805560031_sccl_6/260-5088538-5591155?pd_rd_i=B09XBCCQJT&psc=1
"Redmi 11 Prime 5G (Chrome Silver, 6GB RAM, 128GB Storage)",3.7,75,14999,https://www.amazon.in/Redmi-Chrome-Storage-Dimensity-5000mAh/dp/B0BBFJNVPY/ref=zg_bs_1805560031_sccl_7/260-5088538-5591155?pd_rd_i=B0BBFJNVPY&psc=1
"Redmi Note 11 Pro (Stealth Black, 6GB RAM, 128GB Storage)",4.0,2641,17999,https://www.amazon.in/Redmi-Stealth-Storage-Charge-Display/dp/B09T2YB99G/ref=zg_bs_1805560031_sccl_8/260-5088538-5591155?pd_rd_i=B09T2YB99G&psc=1
"Xiaomi 11T Pro 5G Hyperphone (Meteorite Black, 8GB RAM, 128GB Storage)",4.1,4391,34999,https://www.amazon.in/Xiaomi-5G-Hyperphone-HyperCharge-Replacement-Additional/dp/B09Q17B8B8/ref=zg_bs_1805560031_sccl_9/260-5088538-5591155?pd_rd_i=B09Q17B8B8&psc=1
"Redmi Note 10 Pro Max (Vintage Bronze, 6GB RAM, 128GB Storage) -108MP Quad Camera",4.1,44357,17999,https://www.amazon.in/Test-Exclusive_2020_1159-Multi-3GB-Storage/dp/B089MVC43X/ref=zg_bs_1805560031_sccl_10/260-5088538-5591155?pd_rd_i=B089MVC43X&psc=1
"Redmi Note 11 Pro (Star Blue, 6GB RAM, 128GB Storage)",4.0,2641,17999,https://www.amazon.in/Redmi-Storage-Display-Charger-Included/dp/B09T361J53/ref=zg_bs_1805560031_sccl_11/260-5088538-5591155?pd_rd_i=B09T361J53&psc=1
Tecno POVA 5G (8GB+128GB),3.8,453,15299,https://www.amazon.in/Tecno-Extended-Virtual-Dimensity-Processor/dp/B09QQJNTH7/ref=zg_bs_1805560031_sccl_12/260-5088538-5591155?pd_rd_i=B09QQJNTH7&psc=1
"Samsung Galaxy M32 5G (Sky Blue, 8GB RAM, 128GB Storage)",4.1,31114,18999,https://www.amazon.in/Samsung-Galaxy-Blue-128GB-Storage/dp/B09CGJFY5N/ref=zg_bs_1805560031_sccl_13/260-5088538-5591155?pd_rd_i=B09CGJFY5N&psc=1
Xiaomi 12 Pro,4.1,1151,54999,https://www.amazon.in/Xiaomi-Storage-Snapdragon-Flagship-Cameras/dp/B09XB9FLSH/ref=zg_bs_1805560031_sccl_14/260-5088538-5591155?pd_rd_i=B09XB9FLSH&psc=1
"Tecno Spark 8T (Atlantic Blue,7GB Expandable RAM, 64GB Storage)",4.1,5879,8499,https://www.amazon.in/Tecno-Spark-8T-Expandable-64GB/dp/B09MKPX6RQ/ref=zg_bs_1805560031_sccl_15/260-5088538-5591155?pd_rd_i=B09MKPX6RQ&psc=1
"OPPO F21s Pro 5G (Dawnlight Gold, 8GB RAM, 128 Storage) with No Cost EMI/Additional Exchange Offers",4.0,2,25999,https://www.amazon.in/Dawnlight-Storage-Additional-Exchange-Offers/dp/B0BD52J6HF/ref=zg_bs_1805560031_sccl_16/260-5088538-5591155?pd_rd_i=B0BD52J6HF&psc=1
Redmi 10 Prime (Astral White 6GB RAM 128GB ROM,4.1,54708,13499,https://www.amazon.in/Redmi-10-Prime-extendable-Adaptive/dp/B09CTZ1Z75/ref=zg_bs_1805560031_sccl_17/260-5088538-5591155?pd_rd_i=B09CTZ1Z75&psc=1
"Samsung Galaxy M13 5G (Stardust Brown, 6GB, 128GB Storage)",4.0,4015,13999,https://www.amazon.in/Samsung-Stardust-Storage-5000mAh-Battery/dp/B0B4F4QZ1H/ref=zg_bs_1805560031_sccl_18/260-5088538-5591155?pd_rd_i=B0B4F4QZ1H&psc=1
"Tecno Spark 9 (Infinity Black, 6GB RAM, 128GB Storage)",3.8,1029,9499,https://www.amazon.in/Tecno-Spark-Infinity-Expandable-Processor/dp/B0B56YZT37/ref=zg_bs_1805560031_sccl_19/260-5088538-5591155?pd_rd_i=B0B56YZT37&psc=1
Xiaomi 12 Pro,4.1,1151,58999,https://www.amazon.in/Xiaomi-Storage-Snapdragon-Flagship-Cameras/dp/B09XB8RRMV/ref=zg_bs_1805560031_sccl_20/260-5088538-5591155?pd_rd_i=B09XB8RRMV&psc=1
"Samsung Galaxy S22 Ultra 5G (Burgundy, 12GB, 256GB Storage) with No Cost EMI/Additional Exchange Offers",4.4,927,99999,https://www.amazon.in/Samsung-Burgundy-Storage-Additional-Exchange/dp/B09SH7FDKT/ref=zg_bs_1805560031_sccl_21/260-5088538-5591155?pd_rd_i=B09SH7FDKT&psc=1
"Redmi K50i 5G (Quick Silver, 8GB RAM, 256GB Storage)",4.0,3223,27999,https://www.amazon.in/Redmi-Flagship-Mediatek-Dimensity-Processor/dp/B0B4DWFY1R/ref=zg_bs_1805560031_sccl_22/260-5088538-5591155?pd_rd_i=B0B4DWFY1R&psc=1
"Oppo A54 (Starry Blue, 6GB RAM, 128GB Storage) with No Cost EMI & Additional Exchange Offers",4.2,6877,11990,https://www.amazon.in/Oppo-Starry-Storage-Additional-Exchange/dp/B08ZJQWWTN/ref=zg_bs_1805560031_sccl_23/260-5088538-5591155?pd_rd_i=B08ZJQWWTN&psc=1
"JioFi Next 32 GB, 2 GB RAM, Blue Smartphone",3.5,574,4755,https://www.amazon.in/Jio-Phone-Next-Blue-Smartphone/dp/B09NFMHNXJ/ref=zg_bs_1805560031_sccl_24/260-5088538-5591155?pd_rd_i=B09NFMHNXJ&psc=1
Apple iPhone 13 Pro (128GB) - Sierra Blue,4.7,1071,104900,https://www.amazon.in/Apple-iPhone-13-Pro-128GB/dp/B09G99YPQM/ref=zg_bs_1805560031_sccl_25/260-5088538-5591155?pd_rd_i=B09G99YPQM&psc=1
"Xiaomi 11T Pro 5G Hyperphone (Moonlight White, 8GB RAM, 128GB Storage)",4.1,4391,34999,https://www.amazon.in/Xiaomi-Hyperphone-HyperCharge-Replacement-Additional/dp/B09Q19P1VH/ref=zg_bs_1805560031_sccl_26/260-5088538-5591155?pd_rd_i=B09Q19P1VH&psc=1
"OnePlus 10 Pro 5G (Volcanic Black, 8GB RAM, 128GB Storage)",4.2,3714,61999,https://www.amazon.in/OnePlus-Volcanic-Black-128GB-Storage/dp/B09V2P9C3S/ref=zg_bs_1805560031_sccl_27/260-5088538-5591155?pd_rd_i=B09V2P9C3S&psc=1
"Nokia G21 Android Smartphone, Dual SIM, 3-Day Battery Life, 6GB RAM + 128GB Storage, 50MP Triple AI Camera",4.2,1734,14499,https://www.amazon.in/Nokia-Android-Smartphone-Battery-Storage/dp/B09Y99VSSJ/ref=zg_bs_1805560031_sccl_28/260-5088538-5591155?pd_rd_i=B09Y99VSSJ&psc=1
"Redmi Note 11S (Space Black, 6GB RAM, 128GB Storage)",4.1,3801,15499,https://www.amazon.in/Redmi-Storage-Included-Additional-Exchange/dp/B09QXJR7X2/ref=zg_bs_1805560031_sccl_29/260-5088538-5591155?pd_rd_i=B09QXJR7X2&psc=1
"OPPO F21s Pro (Dawnlight Gold, 8GB RAM, 128 Storage) with No Cost EMI/Additional Exchange Offers",5.0,2,0,https://www.amazon.in/Dawnlight-Storage-Additional-Exchange-Offers/dp/B0BD5J36FC/ref=zg_bs_1805560031_sccl_30/260-5088538-5591155?pd_rd_i=B0BD5J36FC&psc=1
Xiaomi 12 Pro,4.1,1151,54999,https://www.amazon.in/Xiaomi-Storage-Snapdragon-Flagship-Cameras/dp/B09XB8WTXN/ref=zg_bs_1805560031_sccl_1/257-1541359-2653331?pd_rd_i=B09XB8WTXN&psc=1
"Tecno POVA 3 (Electric Blue, 6GB RAM, 128GB Storage)",3.9,766,13199,https://www.amazon.in/Tecno-Electric-Storage-7000mAh-Processor/dp/B0B315GFSW/ref=zg_bs_1805560031_sccl_2/257-1541359-2653331?pd_rd_i=B0B315GFSW&psc=1
"Redmi 10 (Pacific Blue, 4GB RAM, 64GB Storage)",4.0,462,9996,https://www.amazon.in/Redmi-10-Pacific-Blue-Storage/dp/B09XR9S6Q1/ref=zg_bs_1805560031_sccl_3/257-1541359-2653331?pd_rd_i=B09XR9S6Q1&psc=1
realme Narzo 50 Pro 5G (Hyper Blue 8GB RAM+128GB Storage) Dimensity 920 5G Processor,4.2,404,20999,https://www.amazon.in/realme-Storage-Dimensity-Processor-Camera/dp/B09ZBFNJ2X/ref=zg_bs_1805560031_sccl_4/257-1541359-2653331?pd_rd_i=B09ZBFNJ2X&psc=1
"OnePlus Nord CE 2 5G (Gray Mirror, 6GB RAM, 128GB Storage)",4.3,49003,0,https://www.amazon.in/OnePlus-Nord-Mirror-128GB-Storage/dp/B09RGBYBND/ref=zg_bs_1805560031_sccl_5/257-1541359-2653331?pd_rd_i=B09RGBYBND&psc=1
"Redmi Note 10T 5G (Mint Green, 4GB RAM, 64GB Storage)",4.2,130345,14499,https://www.amazon.in/Redmi-Note-10T-5G-Dimensity/dp/B097YGG9PQ/ref=zg_bs_1805560031_sccl_6/257-1541359-2653331?pd_rd_i=B097YGG9PQ&psc=1
"Redmi Note 10S (Deep Sea Blue, 6GB RAM, 64GB Storage) - Super Amoled Display",4.2,79760,13999,https://www.amazon.in/Redmi-Storage-Super-Amoled-Display/dp/B0948NNY3W/ref=zg_bs_1805560031_sccl_7/257-1541359-2653331?pd_rd_i=B0948NNY3W&psc=1
"iQOO Z6 5G (Chromatic Blue, 4GB RAM, 128GB Storage)",4.0,17080,14999,https://www.amazon.in/iQOO-Chromatic-Snapdragon-Processor-Separately/dp/B07WJWFL2V/ref=zg_bs_1805560031_sccl_8/257-1541359-2653331?pd_rd_i=B07WJWFL2V&psc=1
"Samsung Galaxy M12 (Blue,4GB RAM, 64GB Storage) 6000 mAh with 8nm Processor",4.1,165271,0,https://www.amazon.in/Samsung-Galaxy-M12-Storage-Processor/dp/B08XGDN3TZ/ref=zg_bs_1805560031_sccl_9/257-1541359-2653331?pd_rd_i=B08XGDN3TZ&psc=1
"Google Pixel 6a 5G (Sage, 6GB RAM, 128GB Storage)",4.2,151,34980,https://www.amazon.in/Google-Pixel-Sage-128GB-Storage/dp/B0B3Q23BT4/ref=zg_bs_1805560031_sccl_10/257-1541359-2653331?pd_rd_i=B0B3Q23BT4&psc=1
"OPPO F21s Pro (Starlight Black, 8GB RAM, 128 Storage) with No Cost EMI/Additional Exchange Offers",0.0,0,22999,https://www.amazon.in/Starlight-Storage-Additional-Exchange-Offers/dp/B082GLF2C5/ref=zg_bs_1805560031_sccl_11/257-1541359-2653331?pd_rd_i=B082GLF2C5&psc=1
"Nokia C01 Plus 4G, 5.45” HD+ Screen, Selfie Camera with Front Flash",3.5,2268,6299,https://www.amazon.in/Nokia-C01-Plus-Screen-Storage/dp/B09VC9SHHH/ref=zg_bs_1805560031_sccl_12/257-1541359-2653331?pd_rd_i=B09VC9SHHH&psc=1
"vivo Y22 (Starlit Blue, 4GB RAM, 64GB Storage) with No Cost EMI/Additional Exchange Offers",0.0,0,14499,https://www.amazon.in/Starlit-Storage-Additional-Exchange-Offers/dp/B07WHS992T/ref=zg_bs_1805560031_sccl_13/257-1541359-2653331?pd_rd_i=B07WHS992T&psc=1
"OPPO F21 Pro (Sunset Orange, 8GB RAM, 128 Storage) with No Cost EMI/Additional Exchange Offers",4.1,1757,22999,https://www.amazon.in/Sunset-Orange-Storage-Additional-Exchange/dp/B09WN26DLF/ref=zg_bs_1805560031_sccl_14/257-1541359-2653331?pd_rd_i=B09WN26DLF&psc=1
"Tecno Spark 8 Pro (Interstellar Black,7GB Expandable RAM, 64GB Storage) 33W Fast Charger",4.2,3777,8999,https://www.amazon.in/Tecno-Spark-Pro-Interstellar-64GB/dp/B09MWCWRMP/ref=zg_bs_1805560031_sccl_15/257-1541359-2653331?pd_rd_i=B09MWCWRMP&psc=1
"Redmi Note 11S (Polar White, 6GB RAM, 128GB Storage)",4.1,3801,15499,https://www.amazon.in/Redmi-Storage-Included-Additional-Exchange/dp/B09QXH2G3G/ref=zg_bs_1805560031_sccl_16/257-1541359-2653331?pd_rd_i=B09QXH2G3G&psc=1
"Oppo A54 (Crystal Black, 6GB RAM, 128GB Storage) with No Cost EMI & Additional Exchange Offers",4.2,6877,0,https://www.amazon.in/Oppo-Crystal-Storage-Additional-Exchange/dp/B08ZJSGKCR/ref=zg_bs_1805560031_sccl_17/257-1541359-2653331?pd_rd_i=B08ZJSGKCR&psc=1
"Realme C33 (Aqua Blue, 4GB RAM, 64GB Storage)",0.0,0,10490,https://www.amazon.in/Realme-C33-Aqua-Blue-Storage/dp/B0BDZ98P8F/ref=zg_bs_1805560031_sccl_18/257-1541359-2653331?pd_rd_i=B0BDZ98P8F&psc=1
"iQOO Z6 5G (Dynamo Black, 8GB RAM, 128GB Storage)",4.0,17080,17499,https://www.amazon.in/iQOO-Storage-Snapdragon-695-6nm-Processor/dp/B07WFPM5H5/ref=zg_bs_1805560031_sccl_19/257-1541359-2653331?pd_rd_i=B07WFPM5H5&psc=1
"Redmi 10A (Slate Grey, 3GB RAM, 32GB Storage)",3.9,5245,8499,https://www.amazon.in/Redmi-Storage-Battery-Finger-Booster/dp/B09XB7HV7Q/ref=zg_bs_1805560031_sccl_20/257-1541359-2653331?pd_rd_i=B09XB7HV7Q&psc=1
"Redmi Note 10S (Cosmic Purple, 6GB RAM, 128GB Storage)  - Super Amoled Display",4.2,79760,14999,https://www.amazon.in/Redmi-Cosmic-Purple-128GB-Storage/dp/B09C6D3Q7M/ref=zg_bs_1805560031_sccl_21/257-1541359-2653331?pd_rd_i=B09C6D3Q7M&psc=1
"realme 9 (Meteor Black,6GB RAM, 128GB Storage)",3.8,33,16999,https://www.amazon.in/realme-Meteor-Black-128GB-Storage/dp/B09XZH15W8/ref=zg_bs_1805560031_sccl_22/257-1541359-2653331?pd_rd_i=B09XZH15W8&psc=1
"Nokia G21 Android Smartphone, Dual SIM, 3-Day Battery Life, 4GB RAM + 64GB Storage, 50MP Triple AI Camera",4.2,1734,12499,https://www.amazon.in/Nokia-Android-Smartphone-Battery-Storage/dp/B09Y9BXQ2R/ref=zg_bs_1805560031_sccl_23/257-1541359-2653331?pd_rd_i=B09Y9BXQ2R&psc=1
Apple iPhone 13 Pro (128GB) - Gold,4.7,1071,104900,https://www.amazon.in/Apple-iPhone-13-Pro-128GB/dp/B09G93RSZF/ref=zg_bs_1805560031_sccl_24/257-1541359-2653331?pd_rd_i=B09G93RSZF&psc=1
vivo Y15s Mystic Blue (3GB RAM & 32GB ROM) with No Cost EMI/Additional Exchange Offers,4.0,351,9499,https://www.amazon.in/vivo-Mystic-Additional-Exchange-Offers/dp/B09NKRP2F3/ref=zg_bs_1805560031_sccl_25/257-1541359-2653331?pd_rd_i=B09NKRP2F3&psc=1
"OnePlus 9 Pro 5G (Pine Green, 12GB RAM, 256GB Storage)",4.2,11972,54999,https://www.amazon.in/Test-Exclusive_2020_1171-Multi-3GB-Storage/dp/B089MS8SKL/ref=zg_bs_1805560031_sccl_26/257-1541359-2653331?pd_rd_i=B089MS8SKL&psc=1
"Redmi 9 (Sky Blue, 4GB RAM, 64GB Storage)",4.2,180679,0,https://www.amazon.in/Redmi-Sky-Blue-64GB-Storage/dp/B08697N43N/ref=zg_bs_1805560031_sccl_27/257-1541359-2653331?pd_rd_i=B08697N43N&psc=1
"Samsung Galaxy M52 5G (ICY Blue, 6GB RAM, 128GB Storage) Latest Snapdragon 778G 5G",4.2,18916,24999,https://www.amazon.in/Samsung-Storage-Snapdragon-sAMOLED-Display/dp/B09CV6FJ62/ref=zg_bs_1805560031_sccl_28/257-1541359-2653331?pd_rd_i=B09CV6FJ62&psc=1
realme Narzo 50 Pro 5G (Hyper Black 8GB RAM+128GB Storage) Dimensity 920 5G Processor,4.2,404,20999,https://www.amazon.in/realme-Storage-Dimensity-Processor-Camera/dp/B09ZBGG4HR/ref=zg_bs_1805560031_sccl_29/257-1541359-2653331?pd_rd_i=B09ZBGG4HR&psc=1
Redmi 10 Prime (Bifrost Blue 4GB RAM 64GB ROM,4.1,54708,0,https://www.amazon.in/Redmi-10-Prime-extendable-Adaptive/dp/B09CTZ1WFP/ref=zg_bs_1805560031_sccl_30/257-1541359-2653331?pd_rd_i=B09CTZ1WFP&psc=1
Apple iPhone 13 Pro (128GB) - Graphite,4.7,1071,104900,https://www.amazon.in/Apple-iPhone-13-Pro-128GB/dp/B09G91LWTZ/ref=zg_bs_1805560031_sccl_1/257-0447452-2796838?pd_rd_i=B09G91LWTZ&psc=1
"Samsung Galaxy A13 Blue, 4GB RAM, 64GB Storage with No Cost EMI/Additional Exchange Offers, (SM-A135FLBGINS)",3.9,669,13999,https://www.amazon.in/Samsung-Storage-Additional-Exchange-SM-A135FLBGINS/dp/B09VK3G99F/ref=zg_bs_1805560031_sccl_2/257-0447452-2796838?pd_rd_i=B09VK3G99F&psc=1
"realme narzo 50 5G (Hyper Blue, 6GB RAM+128GB Storage) Dimensity 810 5G Processor",4.3,894,17999,https://www.amazon.in/realme-Storage-Dimensity-Processor-Camera/dp/B09ZBFH4P2/ref=zg_bs_1805560031_sccl_3/257-0447452-2796838?pd_rd_i=B09ZBFH4P2&psc=1
"Google Pixel 6 5G (Sorta Seafoam, 8GB RAM, 128GB Storage)",4.2,986,44660,https://www.amazon.in/Google-Pixel-Sorta-Seafoam-Storage/dp/B09HJY4G4Z/ref=zg_bs_1805560031_sccl_4/257-0447452-2796838?pd_rd_i=B09HJY4G4Z&psc=1
"Itel Magic 2(Black, 4G, Wi-Fi Hotspot Support)",3.9,1629,2389,https://www.amazon.in/Itel-Magic-Hotspot-Support-it9210/dp/B0971DLL5L/ref=zg_bs_1805560031_sccl_5/257-0447452-2796838?pd_rd_i=B0971DLL5L&psc=1
"Redmi Note 11 Pro (Phantom White, 6GB RAM, 128GB Storage)",4.0,2641,17999,https://www.amazon.in/Redmi-Phantom-Storage-Display-Included/dp/B09T2WYMX6/ref=zg_bs_1805560031_sccl_6/257-0447452-2796838?pd_rd_i=B09T2WYMX6&psc=1
"Mi 11X 5G (Cosmic Black, 6GB RAM, 128GB Storage)",4.1,7677,27999,https://www.amazon.in/11X-Cosmic-Black-128GB-Storage/dp/B085J1QWFV/ref=zg_bs_1805560031_sccl_7/257-0447452-2796838?pd_rd_i=B085J1QWFV&psc=1
"iQOO 9 5G (Legend, 12GB RAM, 256GB Storage)",4.2,2281,41990,https://www.amazon.in/iQOO-Storage-Qualcomm-Snapdragon-FlashCharge/dp/B07WHS7T3J/ref=zg_bs_1805560031_sccl_8/257-0447452-2796838?pd_rd_i=B07WHS7T3J&psc=1
"Samsung Galaxy A03 Black, 3GB RAM, 32GB Storage Without Offers",3.5,74,8600,https://www.amazon.in/Samsung-Galaxy-Storage-Without-Offers/dp/B09TNT3CK7/ref=zg_bs_1805560031_sccl_9/257-0447452-2796838?pd_rd_i=B09TNT3CK7&psc=1
"Lava Z21 (2GB RAM, 32GB ROM)-Blue",3.5,358,5099,https://www.amazon.in/Lava-Z21-Processor-Android-Powerful/dp/B09S3W88G5/ref=zg_bs_1805560031_sccl_10/257-0447452-2796838?pd_rd_i=B09S3W88G5&psc=1
"OnePlus Nord N20 SE (Celestial Black, 4GB RAM 64GB Storage)",1.0,1,16190,https://www.amazon.in/OnePlus-Nord-Celestial-Black-Storage/dp/B0BG2XC838/ref=zg_bs_1805560031_sccl_11/257-0447452-2796838?pd_rd_i=B0BG2XC838&psc=1
"realme narzo 50A (Oxygen Blue , 4GB RAM + 128 GB Storage) Helio G85 Processor",4.2,38132,0,https://www.amazon.in/realme-Oxygen-Storage-Processor-Battery/dp/B09FK8MBMJ/ref=zg_bs_1805560031_sccl_12/257-0447452-2796838?pd_rd_i=B09FK8MBMJ&psc=1
"Redmi 9 Activ (Carbon Black, 6GB RAM, 128GB Storage)",4.2,180679,10499,https://www.amazon.in/Redmi-Activ-Carbon-Black-Storage/dp/B09GFP6XHG/ref=zg_bs_1805560031_sccl_13/257-0447452-2796838?pd_rd_i=B09GFP6XHG&psc=1
Redmi 9A (Sea Blue 2GB RAM 32GB Storage),4.2,191766,0,https://www.amazon.in/Redmi-9A-2GB-32GB-Storage/dp/B086978F2L/ref=zg_bs_1805560031_sccl_14/257-0447452-2796838?pd_rd_i=B086978F2L&psc=1
Apple iPhone 12 (256GB) - Blue,4.6,19584,0,https://www.amazon.in/New-Apple-iPhone-12-256GB/dp/B08L5W5Z9Q/ref=zg_bs_1805560031_sccl_15/257-0447452-2796838?pd_rd_i=B08L5W5Z9Q&psc=1
"iQOO Z6 5G (Chromatic Blue, 4GB RAM, 128GB Storage)",4.0,17080,15499,https://www.amazon.in/iQOO-Chromatic-Storage-Snapdragon-Processor/dp/B07WGPKK2P/ref=zg_bs_1805560031_sccl_16/257-0447452-2796838?pd_rd_i=B07WGPKK2P&psc=1
"iQOO Neo 6 5G (Dark Nova, 12GB RAM, 256GB Storage)",4.4,14170,0,https://www.amazon.in/iQOO-256GB-Storage-Snapdragon%C2%AE-FlashCharge/dp/B07WHQFRRD/ref=zg_bs_1805560031_sccl_17/257-0447452-2796838?pd_rd_i=B07WHQFRRD&psc=1
Redmi 9A (Midnight Black 2GB RAM 32GB Storage),4.2,191766,0,https://www.amazon.in/Redmi-9A-Midnight-2GB-32GB/dp/B08697N43G/ref=zg_bs_1805560031_sccl_18/257-0447452-2796838?pd_rd_i=B08697N43G&psc=1
"Samsung Galaxy A33 5G Light Blue, 6GB RAM, 128GB Storage",3.8,91,24499,https://www.amazon.in/Samsung-Galaxy-Light-128GB-Storage/dp/B09WR4JRTG/ref=zg_bs_1805560031_sccl_19/257-0447452-2796838?pd_rd_i=B09WR4JRTG&psc=1
"Samsung Galaxy A03 Core (Black, 2GB RAM, 32GB Storage) Without Offer",3.9,404,7890,https://www.amazon.in/Samsung-Galaxy-Black-Storage-Without/dp/B09MTQV3TT/ref=zg_bs_1805560031_sccl_20/257-0447452-2796838?pd_rd_i=B09MTQV3TT&psc=1
"(Renewed) IQOO Neo 6 5G (Dark Nova, 8GB RAM, 128GB Storage)",3.8,19,22999,https://www.amazon.in/Renewed-Neo-128GB-Storage-Snapdragon%C2%AE/dp/B0B69G5G8K/ref=zg_bs_1805560031_sccl_21/257-0447452-2796838?pd_rd_i=B0B69G5G8K&psc=1
"Google Pixel 6a (Charcoal, 128 GB) (6 GB RAM)",4.0,265,34330,https://www.amazon.in/Google-Pixel-Charcoal-128-RAM/dp/B0B4DMBH5T/ref=zg_bs_1805560031_sccl_22/257-0447452-2796838?pd_rd_i=B0B4DMBH5T&psc=1
"OPPO Reno8 5G (Shimmer Black, 128 GB) (8 GB RAM)",3.1,6,29450,https://www.amazon.in/OPPO-Reno8-Shimmer-Black-128/dp/B0B82F3M2N/ref=zg_bs_1805560031_sccl_23/257-0447452-2796838?pd_rd_i=B0B82F3M2N&psc=1
"Vivo V23 5G (Stardust Black, 8GB RAM 128GB Storage)",4.1,215,29499,https://www.amazon.in/Vivo-Stardust-Black-128GB-Storage/dp/B09DKBXCMZ/ref=zg_bs_1805560031_sccl_24/257-0447452-2796838?pd_rd_i=B09DKBXCMZ&psc=1
"Samsung Galaxy M12 (Black,4GB RAM, 64GB Storage) 6000 mAh with 8nm Processor",4.1,165271,0,https://www.amazon.in/Samsung-Galaxy-M12-Storage-Processor/dp/B08XJCMGL7/ref=zg_bs_1805560031_sccl_25/257-0447452-2796838?pd_rd_i=B08XJCMGL7&psc=1
"Google Pixel 6a 5G (Chalk, 128 GB) (6 GB RAM)",4.0,161,35700,https://www.amazon.in/Google-Pixel-Chalk-128-RAM/dp/B0B4DN441N/ref=zg_bs_1805560031_sccl_26/257-0447452-2796838?pd_rd_i=B0B4DN441N&psc=1
"Samsung Galaxy A23 Light Blue, 6GB RAM, 128GB Storage Without Offers",3.9,456,16690,https://www.amazon.in/Test-Test_Withoffer_53/dp/B09DJVQ77C/ref=zg_bs_1805560031_sccl_27/257-0447452-2796838?pd_rd_i=B09DJVQ77C&psc=1
"(Renewed) Redmi Note 11 Pro + 5G (Mirage Blue, 6GB RAM, 128GB Storage)",3.4,54,0,https://www.amazon.in/Renewed-Redmi-Additional-Exchange-Included/dp/B0B4JL7PNW/ref=zg_bs_1805560031_sccl_28/257-0447452-2796838?pd_rd_i=B0B4JL7PNW&psc=1
"Redmi 10 Power (Power Black, 8GB RAM, 128GB Storage)",4.0,159,14999,https://www.amazon.in/Redmi-Power-Black-128GB-Storage/dp/B09Y64H8VS/ref=zg_bs_1805560031_sccl_29/257-0447452-2796838?pd_rd_i=B09Y64H8VS&psc=1
"Redmi Note 11S (Polar White, 8GB RAM, 128GB Storage)",4.1,3801,16499,https://www.amazon.in/Redmi-Storage-Included-Additional-Exchange/dp/B09QXJCCLZ/ref=zg_bs_1805560031_sccl_30/257-0447452-2796838?pd_rd_i=B09QXJCCLZ&psc=1
"Samsung Galaxy S22 Ultra 5G (Phantom White, 12GB, 256GB Storage) with No Cost EMI/Additional Exchange Offers",4.4,927,99999,https://www.amazon.in/Samsung-Phantom-Storage-Additional-Exchange/dp/B09SH8P4H8/ref=zg_bs_1805560031_sccl_1/260-8547584-2530821?pd_rd_i=B09SH8P4H8&psc=1
"Xiaomi 11T Pro 5G Hyperphone (Moonlight White, 12GB RAM, 256GB Storage)",4.1,4391,38999,https://www.amazon.in/Xiaomi-Hyperphone-HyperCharge-Replacement-Additional/dp/B09Q19HG4F/ref=zg_bs_1805560031_sccl_2/260-8547584-2530821?pd_rd_i=B09Q19HG4F&psc=1
Apple iPhone 13 Pro (256GB) - Gold,4.7,1071,114900,https://www.amazon.in/Apple-iPhone-13-Pro-256GB/dp/B09G99BKK4/ref=zg_bs_1805560031_sccl_3/260-8547584-2530821?pd_rd_i=B09G99BKK4&psc=1
"Samsung Galaxy M12 (Blue,6GB RAM, 128GB Storage) 6 Months Free Screen Replacement for Prime",4.1,165271,0,https://www.amazon.in/Samsung-Galaxy-M12-Storage-Replacement/dp/B08XJG8MQM/ref=zg_bs_1805560031_sccl_4/260-8547584-2530821?pd_rd_i=B08XJG8MQM&psc=1
"OPPO K10 (Black Carbon, 6GB RAM 128GB Storage)",4.1,219,15999,https://www.amazon.in/OPPO-Black-Carbon-128GB-Storage/dp/B09ZHRNP28/ref=zg_bs_1805560031_sccl_5/260-8547584-2530821?pd_rd_i=B09ZHRNP28&psc=1
"OnePlus 9 Pro 5G (Morning Mist, 8GB RAM, 128GB Storage)",4.2,11972,49999,https://www.amazon.in/Test-Exclusive_2020_1166-Multi-3GB-Storage/dp/B089MS7D9K/ref=zg_bs_1805560031_sccl_6/260-8547584-2530821?pd_rd_i=B089MS7D9K&psc=1
"realme 8s 5G (Universe Blue, 6GB RAM, 128GB Storage), Medium",4.3,153,16529,https://www.amazon.in/realme-Universe-128GB-Storage-Medium/dp/B09G6CBCXX/ref=zg_bs_1805560031_sccl_7/260-8547584-2530821?pd_rd_i=B09G6CBCXX&psc=1
"Samsung Galaxy A32 (Blue 8GB RAM, 128GB Storage) Without Offer",4.0,1381,17900,https://www.amazon.in/Samsung-Galaxy-128GB-Storage-Without/dp/B09LV3L3JN/ref=zg_bs_1805560031_sccl_8/260-8547584-2530821?pd_rd_i=B09LV3L3JN&psc=1
iPhone 14 128GB Starlight,4.1,29,0,https://www.amazon.in/Apple-iPhone-14-128GB-Starlight/dp/B0BDK8LKPJ/ref=zg_bs_1805560031_sccl_9/260-8547584-2530821?pd_rd_i=B0BDK8LKPJ&psc=1
"Redmi Note 10S (Cosmic Purple, 6GB RAM, 64 GB Storage) - Super Amoled Display",4.2,79760,13999,https://www.amazon.in/Redmi-Note-Cosmic-Purple-Storage/dp/B09C6BPT7L/ref=zg_bs_1805560031_sccl_10/260-8547584-2530821?pd_rd_i=B09C6BPT7L&psc=1
"Xiaomi 11T Pro 5G Hyperphone (Moonlight White, 8GB RAM, 256GB Storage)",4.1,4391,36999,https://www.amazon.in/Xiaomi-Hyperphone-HyperCharge-Replacement-Additional/dp/B09Q195T4S/ref=zg_bs_1805560031_sccl_11/260-8547584-2530821?pd_rd_i=B09Q195T4S&psc=1
"Samsung Galaxy A32 (Black 8GB RAM, 128GB Storage) Without Offer",4.0,1381,17980,https://www.amazon.in/Samsung-Galaxy-Black-Storage-Without/dp/B09LV5Z217/ref=zg_bs_1805560031_sccl_12/260-8547584-2530821?pd_rd_i=B09LV5Z217&psc=1
"Realme C33 (Sandy Gold, 4GB RAM, 64GB Storage)",0.0,0,10400,https://www.amazon.in/Realme-C33-Sandy-Gold-Storage/dp/B0BFHHBFKL/ref=zg_bs_1805560031_sccl_13/260-8547584-2530821?pd_rd_i=B0BFHHBFKL&psc=1
"Realme 9i 5G (Metallica Gold, 4GB RAM, 64GB Storage)",0.0,0,15300,https://www.amazon.in/Realme-9i-5G-Metallica-Storage/dp/B0BBQZP6HM/ref=zg_bs_1805560031_sccl_14/260-8547584-2530821?pd_rd_i=B0BBQZP6HM&psc=1
"OPPO K10 5G (Ocean Blue, 8GB RAM 128GB Storage)",4.1,219,18399,https://www.amazon.in/OPPO-Ocean-Blue-128GB-Storage/dp/B0B4D8WP8G/ref=zg_bs_1805560031_sccl_15/260-8547584-2530821?pd_rd_i=B0B4D8WP8G&psc=1
Micromax X412 (Black + Red),3.7,266,870,https://www.amazon.in/Micromax-X412-Black-Red/dp/B07VTL18WW/ref=zg_bs_1805560031_sccl_16/260-8547584-2530821?pd_rd_i=B07VTL18WW&psc=1
"SAMSUNG Galaxy F13 (Sunrise Copper, 4GB RAM 64GB Storage)",4.2,20,11140,https://www.amazon.in/SAMSUNG-Galaxy-Sunrise-Copper-Storage/dp/B0B7JN539J/ref=zg_bs_1805560031_sccl_17/260-8547584-2530821?pd_rd_i=B0B7JN539J&psc=1
"Realme 9 (Stargaze White, 6GB RAM, 128GB Storage)",3.8,23,16100,https://www.amazon.in/Realme-Stargaze-White-128GB-Storage/dp/B09YGV6SH5/ref=zg_bs_1805560031_sccl_18/260-8547584-2530821?pd_rd_i=B09YGV6SH5&psc=1
"Lava Z3 Pro (3GB RAM, 32GB Storage)- Cyan",3.5,22,6666,https://www.amazon.in/Lava-Storage-Performance-Processor-Battery/dp/B09V887JNC/ref=zg_bs_1805560031_sccl_19/260-8547584-2530821?pd_rd_i=B09V887JNC&psc=1
"Samsung Galaxy A23 Black, 6GB RAM, 128GB Storage with No Cost EMI/Additional Exchange Offers",3.9,456,17499,https://www.amazon.in/Samsung-Galaxy-Storage-Additional-Exchange/dp/B09VKBL81J/ref=zg_bs_1805560031_sccl_20/260-8547584-2530821?pd_rd_i=B09VKBL81J&psc=1
"Realme C31 (Light Silver, 4GB RAM, 64GB Storage)",3.8,100,9690,https://www.amazon.in/Realme-C31-Light-Silver-Storage/dp/B09X9JGMLY/ref=zg_bs_1805560031_sccl_21/260-8547584-2530821?pd_rd_i=B09X9JGMLY&psc=1
"OPPO F21s Pro 5G (Starlight Black, 8GB RAM, 128 Storage) with No Cost EMI/Additional Exchange Offers",0.0,0,25999,https://www.amazon.in/Starlight-Storage-Additional-Exchange-Offers/dp/B0BD52C9GZ/ref=zg_bs_1805560031_sccl_22/260-8547584-2530821?pd_rd_i=B0BD52C9GZ&psc=1
"Google Pixel 6 (Black, 8GB RAM, 128GB Storage)",4.3,213,44999,https://www.amazon.in/Google-pixel-6-Pixel-Cover/dp/B09K57BX2N/ref=zg_bs_1805560031_sccl_23/260-8547584-2530821?pd_rd_i=B09K57BX2N&psc=1
"Samsung Galaxy Z Flip4 5G (Bora Purple, 8GB RAM, 256GB Storage) Without Offers",4.2,10,76999,https://www.amazon.in/Samsung-Galaxy-Purple-Storage-Without/dp/B0B8ZBLRX8/ref=zg_bs_1805560031_sccl_24/260-8547584-2530821?pd_rd_i=B0B8ZBLRX8&psc=1
"Vivo Y21G (Midnight Blue, 4GB RAM, 64GB ROM) with No Cost EMI/Additional Exchange Offers",4.1,650,13499,https://www.amazon.in/Vivo-Midnight-Additional-Exchange-Offers/dp/B07WHPXV46/ref=zg_bs_1805560031_sccl_25/260-8547584-2530821?pd_rd_i=B07WHPXV46&psc=1
"realme 9 5G (Stargaze White,6GB+128GB) Dimensity 810 Processor",3.9,25,17390,https://www.amazon.in/realme-Stargaze-Dimensity-Processor-Triple/dp/B09WYXVCZV/ref=zg_bs_1805560031_sccl_26/260-8547584-2530821?pd_rd_i=B09WYXVCZV&psc=1
"Vivo Y33T (Mirror Black, 8GB RAM, 128GB ROM) with No Cost EMI/Additional Exchange Offers",4.2,997,17990,https://www.amazon.in/Vivo-Mirror-Additional-Exchange-Offers/dp/B09QGR3576/ref=zg_bs_1805560031_sccl_27/260-8547584-2530821?pd_rd_i=B09QGR3576&psc=1
Apple iPhone 13 Pro Max (256GB) - Graphite,4.6,1222,129900,https://www.amazon.in/Apple-iPhone-Pro-Max-256GB/dp/B09G94T2NY/ref=zg_bs_1805560031_sccl_28/260-8547584-2530821?pd_rd_i=B09G94T2NY&psc=1
"realme narzo 50 5G (Hyper Black, 6GB RAM+128GB Storage) Dimensity 810 5G Processor",4.3,894,17999,https://www.amazon.in/realme-Storage-Dimensity-Processor-Camera/dp/B09ZBFL9WW/ref=zg_bs_1805560031_sccl_29/260-8547584-2530821?pd_rd_i=B09ZBFL9WW&psc=1
"Lava Z3 Pro (3GB RAM, 32GB Storage)- Blue",3.5,22,6666,https://www.amazon.in/Lava-Storage-Performance-Processor-Battery/dp/B09V8CDZGD/ref=zg_bs_1805560031_sccl_30/260-8547584-2530821?pd_rd_i=B09V8CDZGD&psc=1
